"road","identifier","extent","point","display_type","title","subtitle","delay_minutes","abnormalTrafficType","averageSpeed","startTimestamp","description","latitude","longitude"
"A1","undefined--vi-hind.2025-05-25_18-23-30-000.f_002.de0","49.390989450199925,7.010508046648894,49.39254742859913,7.01113633864513","49.390989450199925,7.010508046648894","WARNING","A1 | Illingen - Eppelborn"," Saarbrücken -> Trier",NA,NA,NA,2025-05-25,"Beginn: 25.05.25 um 18:23 Uhr  Fahrzeug-Hindernis, seit 25.05.2025, 18:23 A1: Saarbrücken -> Trier, zwischen 1.0 km hinter AS Illingen und 3.9 km vor AS Eppelborn Gefahr durch ein defektes Fahrzeug auf der Fahrbahn",49.3909894501999,7.01050804664889
"A1","undefined--vi-avl.2025-05-25_10-24-00-000.f_002.de0","50.825820771954106,6.78596768515948,50.85127070815324,6.80421886354102","50.825820771954106,6.78596768515948","WARNING","A1 | Erfttal - Ville"," Euskirchen -> Köln",8,"STATIONARY_TRAFFIC","18.5",2025-05-25,"Beginn: 25.05.25 um 10:24 Uhr  Angespannte Verkehrslage, seit 25.05.2025, 10:24 A1: Euskirchen -> Köln, zwischen 1.0 km hinter AD Erfttal und 0.7 km vor Ville  Im Stillstand Reisezeitverlust: 8 Minuten Durchschnittsgeschwindigkeit: 18 km/h",50.8258207719541,6.78596768515948
"A1","undefined--vi-avl.2025-05-25_10-32-30-000.f_006.de0","50.82575993267839,6.785942283990264,50.82575993267839,6.785942283990264","50.82575993267839,6.785942283990264","WARNING","A1 | Hürth - Hürth"," Euskirchen -> Köln",NA,"STATIONARY_TRAFFIC","16",2025-05-25,"Beginn: 25.05.25 um 19:01 Uhr  Angespannte Verkehrslage, seit 25.05.2025, 19:01 A1: Euskirchen -> Köln, 2.8 km vor AS Hürth, aus Richtung Erfttal  Im Stillstand Durchschnittsgeschwindigkeit: 16 km/h",50.8257599326784,6.78594228399026
"A1","undefined--vi-avl.2025-05-25_11-08-30-000.f_002.de0","53.027575900971335,8.939469890379435,53.027575900971335,8.939469890379435","53.027575900971335,8.939469890379435","WARNING","A1 | Bremen-Hemelingen - Bremen-Hemelingen"," Bremen -> Osnabrück",NA,"STATIONARY_TRAFFIC","16",2025-05-25,"Beginn: 25.05.25 um 19:01 Uhr  Angespannte Verkehrslage, seit 25.05.2025, 19:01 A1: Bremen -> Osnabrück, 3.9 km vor AS Bremen-Hemelingen, aus Richtung Mahndorfer Marsch  Im Stillstand Durchschnittsgeschwindigkeit: 16 km/h",53.0275759009713,8.93946989037943
"A1","undefined--vi-avl.2025-05-25_10-43-30-000.f_005.de0","53.02758095663444,8.939410841531023,53.031460453437994,8.864211532227444","53.02758095663444,8.939410841531023","WARNING","A1 | Mahndorfer Marsch - Bremen-Arsten"," Bremen -> Osnabrück",17,"STATIONARY_TRAFFIC","16.399999618530273",2025-05-25,"Beginn: 25.05.25 um 10:43 Uhr  Angespannte Verkehrslage, seit 25.05.2025, 10:43 A1: Bremen -> Osnabrück, zwischen 0.4 km hinter Mahndorfer Marsch und 0.4 km vor AS Bremen-Arsten  Im Stillstand Reisezeitverlust: 17 Minuten Durchschnittsgeschwindigkeit: 16 km/h",53.0275809566344,8.93941084153102
"A2","undefined--vi-avl.2025-05-25_18-58-30-000.f_005.de0","51.54972974185894,6.914947203694665,51.54972974185894,6.914947203694665","51.54972974185894,6.914947203694665","WARNING","A2 | Bottrop - Bottrop"," Dortmund -> Oberhausen",NA,"SLOW_TRAFFIC","17",2025-05-25,"Beginn: 25.05.25 um 19:01 Uhr  Angespannte Verkehrslage, seit 25.05.2025, 19:01 A2: Dortmund -> Oberhausen, 2.3 km vor Bottrop, aus Richtung Bottrop  Langsamer Verkehr Durchschnittsgeschwindigkeit: 17 km/h",51.5497297418589,6.91494720369467
"A2","undefined--vi-avl.2025-05-25_16-45-05-000.f_005.de0","51.54968429046265,6.9148774031745965,51.541373987593296,6.889796276339946","51.54968429046265,6.9148774031745965","WARNING","A2 | Bottrop - Bottrop"," Dortmund -> Oberhausen",1,"SLOW_TRAFFIC","41.70000076293945",2025-05-25,"Beginn: 25.05.25 um 16:45 Uhr  Angespannte Verkehrslage, seit 25.05.2025, 16:45 A2: Dortmund -> Oberhausen, zwischen 0.1 km hinter AS Bottrop und 0.3 km vor Bottrop  Langsamer Verkehr Reisezeitverlust: 1 Minuten Durchschnittsgeschwindigkeit: 41 km/h",51.5496842904627,6.9148774031746
"A2","undefined--vi-avl.2025-05-25_16-07-30-000.f.de0","52.22940160691146,9.234780834477109,52.22940160691146,9.234780834477109","52.22940160691146,9.234780834477109","WARNING","A2 | Auetal Süd - Auetal Süd"," Hannover -> Dortmund",NA,"STATIONARY_TRAFFIC","16",2025-05-25,"Beginn: 25.05.25 um 19:01 Uhr  Angespannte Verkehrslage, seit 25.05.2025, 19:01 A2: Hannover -> Dortmund, 0.8 km vor Auetal Süd, aus Richtung Rehren  Im Stillstand Durchschnittsgeschwindigkeit: 16 km/h",52.2294016069115,9.23478083447711
"A2","undefined--vi-avl.2025-05-25_16-04-00-000.f.de0","52.22940160691146,9.234780834477109,52.22033766665052,9.087079052749054","52.22940160691146,9.234780834477109","WARNING","A2 | Rehren - Papenbrink"," Hannover -> Dortmund",33,"STATIONARY_TRAFFIC","16.399999618530273",2025-05-25,"Beginn: 25.05.25 um 16:04 Uhr  Angespannte Verkehrslage, seit 25.05.2025, 16:04 A2: Hannover -> Dortmund, zwischen 0.8 km hinter AS Rehren und 2.3 km vor Papenbrink  Im Stillstand Reisezeitverlust: 33 Minuten Durchschnittsgeschwindigkeit: 16 km/h",52.2294016069115,9.23478083447711
"A2","undefined--vi-avl.2025-05-25_16-04-00-000.f_001.de0","52.23546525901645,9.267865478230636,52.2322296669861,9.24366680835067","52.23546525901645,9.267865478230636","WARNING","A2 | Schafstrift Nord - Auetal Süd"," Hannover -> Dortmund",1,"QUEUING_TRAFFIC","37.599998474121094",2025-05-25,"Beginn: 25.05.25 um 16:04 Uhr  Angespannte Verkehrslage, seit 25.05.2025, 16:04 A2: Hannover -> Dortmund, zwischen 3.9 km hinter Schafstrift Nord und 1.5 km vor Auetal Süd  Stockender Verkehr Reisezeitverlust: 1 Minuten Durchschnittsgeschwindigkeit: 37 km/h",52.2354652590165,9.26786547823064
"A2","undefined--vi-avl.2025-05-25_19-01-30-000.f_004.de0","52.20786580389208,11.14337441670372,52.20786580389208,11.14337441670372","52.20786580389208,11.14337441670372","WARNING","A2 | Alleringersleben - Alleringersleben"," Magdeburg -> Braunschweig",NA,"QUEUING_TRAFFIC","17",2025-05-25,"Beginn: 25.05.25 um 19:01 Uhr  Angespannte Verkehrslage, seit 25.05.2025, 19:01 A2: Magdeburg -> Braunschweig, 0.7 km vor AS Alleringersleben, aus Richtung Lorkberg  Stockender Verkehr Durchschnittsgeschwindigkeit: 17 km/h",52.2078658038921,11.1433744167037
"A2","undefined--vi-avl.2025-05-25_12-07-30-000.f_020.de0","52.201117120954144,11.221618922001491,52.20332179052069,11.18603369555568","52.201117120954144,11.221618922001491","WARNING","A2 | Lorkberg - Alleringersleben"," Magdeburg -> Braunschweig",1,"SLOW_TRAFFIC","53.400001525878906",2025-05-25,"Beginn: 25.05.25 um 12:07 Uhr  Angespannte Verkehrslage, seit 25.05.2025, 12:07 A2: Magdeburg -> Braunschweig, zwischen 1.7 km hinter Lorkberg und 3.7 km vor AS Alleringersleben  Langsamer Verkehr Reisezeitverlust: 1 Minuten Durchschnittsgeschwindigkeit: 53 km/h",52.2011171209541,11.2216189220015
"A2","undefined--vi-avl.2025-05-25_12-07-30-000.f_005.de0","52.20786712275434,11.143388888900812,52.219636669359275,11.05703470896784","52.20786712275434,11.143388888900812","WARNING","A2 | Lorkberg - Waldkater"," Magdeburg -> Braunschweig",8,"QUEUING_TRAFFIC","28.5",2025-05-25,"Beginn: 25.05.25 um 12:07 Uhr  Angespannte Verkehrslage, seit 25.05.2025, 12:07 A2: Magdeburg -> Braunschweig, zwischen 7.2 km hinter Lorkberg und 0.9 km vor Waldkater  Stockender Verkehr Reisezeitverlust: 8 Minuten Durchschnittsgeschwindigkeit: 28 km/h",52.2078671227543,11.1433888889008
"A2","undefined--vi-hind.2025-05-25_19-03-00-000.f.de0","52.204732136538645,11.179447356676658,52.20530561636757,11.177000688359593","52.204732136538645,11.179447356676658","WARNING","A2 | Lorkberg - Alleringersleben"," Magdeburg -> Braunschweig",NA,NA,NA,2025-05-25,"Beginn: 25.05.25 um 19:03 Uhr  Fahrzeug-Hindernis, seit 25.05.2025, 19:03 A2: Magdeburg -> Braunschweig, zwischen 4.6 km hinter Lorkberg und 3.0 km vor AS Alleringersleben Gefahr durch ein defektes Fahrzeug auf der Fahrbahn",52.2047321365386,11.1794473566767
"A3","undefined--vi-hind.2025-05-25_18-39-06-000.f_001.de0","50.34435821983752,8.17329201516012,50.343988799597675,8.17382687342552","50.34435821983752,8.17329201516012","WARNING","A3 | Limburg-Süd - Bad Camberg"," Köln -> Frankfurt",NA,NA,NA,2025-05-25,"Beginn: 25.05.25 um 18:39 Uhr  Fahrzeug-Hindernis, seit 25.05.2025, 18:39 A3: Köln -> Frankfurt, zwischen 7.7 km hinter AS Limburg-Süd und 6.8 km vor Bad Camberg Gefahr durch ein defektes Fahrzeug auf der Fahrbahn",50.3443582198375,8.17329201516012
"A3","undefined--vi-hind.2025-05-25_18-49-30-000.f.de0","50.5637788723244,7.527255543422494,50.562917532929525,7.52925364217897","50.5637788723244,7.527255543422494","WARNING","A3 | Neuwied - Merker Wald"," Köln -> Frankfurt",NA,NA,NA,2025-05-25,"Beginn: 25.05.25 um 18:49 Uhr  Fahrzeug-Hindernis, seit 25.05.2025, 18:49 A3: Köln -> Frankfurt, zwischen 0.1 km hinter AS Neuwied und 3.1 km vor Merker Wald Gefahr durch ein defektes Fahrzeug auf der Fahrbahn",50.5637788723244,7.52725554342249
"A3","undefined--vi-avl.2025-05-25_18-09-30-000.f_008.de0","50.671125770903615,7.302655600935693,50.680502293606686,7.28073275100812","50.671125770903615,7.302655600935693","WARNING","A3 | Bad Honnef/Linz - Siebengebirge"," Frankfurt -> Köln",1,"SLOW_TRAFFIC","45.099998474121094",2025-05-25,"Beginn: 25.05.25 um 18:09 Uhr  Angespannte Verkehrslage, seit 25.05.2025, 18:09 A3: Frankfurt -> Köln, zwischen 3.1 km hinter AS Bad Honnef/Linz und 0.7 km vor AS Siebengebirge  Langsamer Verkehr Reisezeitverlust: 1 Minuten Durchschnittsgeschwindigkeit: 45 km/h",50.6711257709036,7.30265560093569
"A3","undefined--vi-avl.2025-05-25_19-01-30-000.f.de0","51.475186635432,6.815178441994771,51.475186635432,6.815178441994771","51.475186635432,6.815178441994771","WARNING","A3 | Kaiserberg - Kaiserberg"," Oberhausen -> Köln",NA,"QUEUING_TRAFFIC","20",2025-05-25,"Beginn: 25.05.25 um 19:01 Uhr  Angespannte Verkehrslage, seit 25.05.2025, 19:01 A3: Oberhausen -> Köln, 3.7 km vor AK Kaiserberg, aus Richtung Oberhausen-Lirich  Stockender Verkehr Durchschnittsgeschwindigkeit: 20 km/h",51.475186635432,6.81517844199477
"A3","undefined--vi-avl.2025-05-25_10-44-30-000.f.de0","51.475186635432,6.815178441994771,51.46114763597257,6.811147153084767","51.475186635432,6.815178441994771","WARNING","A3 | Oberhausen-Lirich - Kaiserberg"," Oberhausen -> Köln",2,"QUEUING_TRAFFIC","29",2025-05-25,"Beginn: 25.05.25 um 10:44 Uhr  Angespannte Verkehrslage, seit 25.05.2025, 10:44 A3: Oberhausen -> Köln, zwischen 0.1 km hinter AS Oberhausen-Lirich und 2.1 km vor AK Kaiserberg  Stockender Verkehr Reisezeitverlust: 2 Minuten Durchschnittsgeschwindigkeit: 29 km/h",51.475186635432,6.81517844199477
"A4","undefined--vi-avl.2025-05-25_18-53-00-000.f.de0","50.89926412806183,6.907406735887428,50.89212772911116,6.923158297032745","50.89926412806183,6.907406735887428","WARNING","A4 | Köln-West - Köln-Eifeltor"," Heerlen/Aachen -> Köln",0,"SLOW_TRAFFIC","55.5",2025-05-25,"Beginn: 25.05.25 um 18:53 Uhr  Angespannte Verkehrslage, seit 25.05.2025, 18:53 A4: Heerlen/Aachen -> Köln, zwischen 5.3 km hinter AK Köln-West und 0.2 km vor AS Köln-Eifeltor  Langsamer Verkehr Reisezeitverlust: 0 Minuten Durchschnittsgeschwindigkeit: 55 km/h",50.8992641280618,6.90740673588743
"A4","undefined--vi-zus.2025-05-25_18-17-03-000.f.de0","51.182253663180205,15.004933209538379,51.18485341954864,14.99635281470803","51.182253663180205,15.004933209538379","WARNING","A4 | Ludwigsdorf - An der Neiße"," Görlitz -> Dresden",3,"QUEUING_TRAFFIC","9",2025-05-25,"Beginn: 25.05.25 um 18:17 Uhr  Zusammengesetzte Verkehrsinformation, seit 25.05.2025, 18:17 A4: Görlitz -> Dresden, zwischen 0.3 km hinter Ludwigsdorf und 0.6 km vor An der Neiße  Stockender Verkehr Reisezeitverlust: 3 Minuten Durchschnittsgeschwindigkeit: 9 km/h",51.1822536631802,15.0049332095384
"A5","undefined--vi-avl.2025-05-25_10-06-00-000.f.de0","48.88933150094536,8.29159689999983,48.89954666118257,8.329938321591266","48.88933150094536,8.29159689999983","WARNING","A5 | Schleifweg - Karlsruhe-Süd"," Basel -> Karlsruhe",5,"STATIONARY_TRAFFIC","26.200000762939453",2025-05-25,"Beginn: 25.05.25 um 10:06 Uhr  Angespannte Verkehrslage, seit 25.05.2025, 10:06 A5: Basel -> Karlsruhe, zwischen 0.2 km hinter Schleifweg und 7.9 km vor AS Karlsruhe-Süd  Im Stillstand Reisezeitverlust: 5 Minuten Durchschnittsgeschwindigkeit: 26 km/h",48.8893315009454,8.29159689999983
"A5","undefined--vi-avl.2025-05-25_18-46-30-000.f.de0","48.88933150094536,8.29159689999983,48.88933150094536,8.29159689999983","48.88933150094536,8.29159689999983","WARNING","A5 | Karlsruhe-Süd - Karlsruhe-Süd"," Basel -> Karlsruhe",NA,"STATIONARY_TRAFFIC","26",2025-05-25,"Beginn: 25.05.25 um 19:01 Uhr  Angespannte Verkehrslage, seit 25.05.2025, 19:01 A5: Basel -> Karlsruhe, 10.9 km vor AS Karlsruhe-Süd, aus Richtung Schleifweg  Im Stillstand Durchschnittsgeschwindigkeit: 26 km/h",48.8893315009454,8.29159689999983
"A5","undefined--vi-hind.2025-05-25_18-46-30-000.f_002.de0","50.056983045259564,8.606281796166178,50.06231650094085,8.608956299999896","50.056983045259564,8.606281796166178","WARNING","A5 | Frankfurter Kreuz - Frankfurt am Main-Niederrad"," Darmstadt -> Frankfurt",NA,NA,NA,2025-05-25,"Beginn: 25.05.25 um 18:46 Uhr  Hindernis, seit 25.05.2025, 18:46 A5: Darmstadt -> Frankfurt, zwischen 0.5 km hinter AK Frankfurter Kreuz und 2.7 km vor AS Frankfurt am Main-Niederrad  Gefahr durch Gegenstände auf der Fahrbahn",50.0569830452596,8.60628179616618
"A5","undefined--vi-hind.2025-05-25_18-18-00-000.f_003.de0","50.61273589679654,8.86764630598836,50.61326082206831,8.86970497936661","50.61273589679654,8.86764630598836","WARNING","A5 | Reiskirchener Dreieck - Reinhardshain"," Frankfurt -> Kassel",NA,NA,NA,2025-05-25,"Beginn: 25.05.25 um 18:18 Uhr  Fahrzeug-Hindernis, seit 25.05.2025, 18:18 A5: Frankfurt -> Kassel, zwischen 3.1 km hinter AD Reiskirchener Dreieck und 2.1 km vor Reinhardshain Gefahr durch ein defektes Fahrzeug auf der Fahrbahn",50.6127358967965,8.86764630598836
"A5","undefined--vi-zus.2025-05-25_18-59-30-000.f.de0","50.77855525415602,9.399664755562615,50.78252273742899,9.41559037256831","50.77855525415602,9.399664755562615","WARNING","A5 | Berfa - Frohnkreuz"," Frankfurt -> Kassel",1,"SLOW_TRAFFIC","44.79999923706055",2025-05-25,"Beginn: 25.05.25 um 18:59 Uhr  Zusammengesetzte Verkehrsinformation, seit 25.05.2025, 18:59 A5: Frankfurt -> Kassel, zwischen 3.5 km hinter Berfa und 2.3 km vor Frohnkreuz  Langsamer Verkehr Reisezeitverlust: 1 Minuten Durchschnittsgeschwindigkeit: 44 km/h",50.778555254156,9.39966475556261
"A5","undefined--vi-avl.2025-05-25_19-01-30-000.f_002.de0","50.77855525415602,9.399664755562615,50.77855525415602,9.399664755562615","50.77855525415602,9.399664755562615","WARNING","A5 | Frohnkreuz - Frohnkreuz"," Frankfurt -> Kassel",NA,"SLOW_TRAFFIC","29",2025-05-25,"Beginn: 25.05.25 um 19:01 Uhr  Angespannte Verkehrslage, seit 25.05.2025, 19:01 A5: Frankfurt -> Kassel, 3.5 km vor Frohnkreuz, aus Richtung Berfa  Langsamer Verkehr Durchschnittsgeschwindigkeit: 29 km/h",50.778555254156,9.39966475556261
"A5","undefined--vi-avl.2025-05-25_19-01-05-000.f.de0","47.595328020408886,7.603949713287564,47.59716597389839,7.603491526419222","47.595328020408886,7.603949713287564","WARNING","Baustelle"," km 813.03 --> km 812.82",1,"QUEUING_TRAFFIC","7.5",2025-05-25,"Beginn: 25.05.25 um 19:01 Uhr  Angespannte Verkehrslage, seit 25.05.2025, 19:01 A5: km 813.03 --> km 812.82  Stockender Verkehr Reisezeitverlust: 1 Minuten Durchschnittsgeschwindigkeit: 7 km/h",47.5953280204089,7.60394971328756
"A6","undefined--vi-avl.2025-05-25_17-38-30-000.f_003.de0","49.27261479239349,8.650379041195052,49.27700353304662,8.63162250059614","49.27261479239349,8.650379041195052","WARNING","A6 | Wiesloch/Rauenberg - Walldorf"," Heilbronn -> Mannheim",0,"SLOW_TRAFFIC","73.5999984741211",2025-05-25,"Beginn: 25.05.25 um 17:38 Uhr  Angespannte Verkehrslage, seit 25.05.2025, 17:38 A6: Heilbronn -> Mannheim, zwischen 3.2 km hinter AS Wiesloch/Rauenberg und 0.9 km vor AK Walldorf  Langsamer Verkehr Reisezeitverlust: 0 Minuten Durchschnittsgeschwindigkeit: 73 km/h",49.2726147923935,8.65037904119505
"A6","undefined--vi-zus.2025-05-25_15-15-30-000.f.de0","49.24369717897533,8.876396926904015,49.24094639431424,8.888589291120345","49.24369717897533,8.876396926904015","WARNING","A6 | Sinsheim - Sinsheim-Steinsfurt"," Mannheim -> Heilbronn",15,"STATIONARY_TRAFFIC","3.5",2025-05-25,"Beginn: 25.05.25 um 15:15 Uhr  Zusammengesetzte Verkehrsinformation, seit 25.05.2025, 15:15 A6: Mannheim -> Heilbronn, zwischen 1.5 km hinter AS Sinsheim und 2.8 km vor AS Sinsheim-Steinsfurt  Im Stillstand Reisezeitverlust: 15 Minuten Durchschnittsgeschwindigkeit: 3 km/h",49.2436971789753,8.87639692690401
"A6","undefined--vi-avl.2025-05-25_15-21-34-000.f_012.de0","49.24370934742925,8.87631661493956,49.24370934742925,8.87631661493956","49.24370934742925,8.87631661493956","WARNING","A6 | Kraichgau - Kraichgau"," Mannheim -> Heilbronn",NA,"STATIONARY_TRAFFIC","2",2025-05-25,"Beginn: 25.05.25 um 19:01 Uhr  Angespannte Verkehrslage, seit 25.05.2025, 19:01 A6: Mannheim -> Heilbronn, 0.4 km vor Kraichgau, aus Richtung Sinsheim  Im Stillstand Durchschnittsgeschwindigkeit: 2 km/h",49.2437093474293,8.87631661493956
"A6","undefined--vi-unf.2025-05-25_15-08-30-000.f_008.de0","49.24094639431424,8.888589291120345,49.23993280094415,8.891326799999979","49.24094639431424,8.888589291120345","WARNING","A6 | Sinsheim-Süd - Sinsheim-Steinsfurt"," Mannheim -> Heilbronn",NA,NA,NA,2025-05-25,"Beginn: 25.05.25 um 15:08 Uhr  Unfall, seit 25.05.2025, 15:08 A6: Mannheim -> Heilbronn, zwischen AS Sinsheim-Süd und 2.6 km vor AS Sinsheim-Steinsfurt",49.2409463943142,8.88858929112035
"A6","undefined--vi-avl.2025-05-25_18-57-30-000.f.de0","49.31610062203749,10.871768460408939,49.31507619966556,10.8475201326893","49.31610062203749,10.871768460408939","WARNING","A6 | Dechenwald - Auergründel"," Nürnberg -> Heilbronn",1,"SLOW_TRAFFIC","57",2025-05-25,"Beginn: 25.05.25 um 18:57 Uhr  Angespannte Verkehrslage, seit 25.05.2025, 18:57 A6: Nürnberg -> Heilbronn, zwischen 2.9 km hinter Dechenwald und 1.7 km vor Auergründel  Langsamer Verkehr Reisezeitverlust: 1 Minuten Durchschnittsgeschwindigkeit: 57 km/h",49.3161006220375,10.8717684604089
"A6","undefined--vi-hind.2025-05-25_18-38-30-000.f_001.de0","49.321988048305506,11.04614047152511,49.31012469899875,11.003227423994526","49.321988048305506,11.04614047152511","WARNING","A6 | Roth - Schwabach-West"," Nürnberg -> Heilbronn",NA,NA,NA,2025-05-25,"Beginn: 25.05.25 um 18:38 Uhr  Hindernis, seit 25.05.2025, 18:38 A6: Nürnberg -> Heilbronn, zwischen 1.7 km hinter AD Roth und 0.3 km vor AS Schwabach-West  Gefahr durch Gegenstände auf der Fahrbahn",49.3219880483055,11.0461404715251
"A6","undefined--vi-zus.2025-05-25_18-53-00-000.f_001.de0","49.42843551494172,11.656175445121987,49.407861000943555,11.347148200006934","49.42843551494172,11.656175445121987","WARNING","A6 | Oberpfälzer Alb - Altdorf/Leinburg"," Pilsen -> Nürnberg",NA,NA,NA,2025-05-25,"Beginn: 25.05.25 um 18:53 Uhr  Zusammengesetzte Verkehrsinformation, seit 25.05.2025, 18:53 A6: Pilsen -> Nürnberg, zwischen 2.4 km hinter Oberpfälzer Alb und 0.3 km vor AS Altdorf/Leinburg  Gefahr durch Gegenstände auf der Fahrbahn  Gefahr durch ein defektes Fahrzeugs auf der Fahrbahn  A6 Pilsen Richtung Nürnberg
zwischen Alfeld und Altdorf/Leinburg
Gefahr durch Gegenstände auf dem linken Fahrstreifen (Reifenteile), defekter PKW, Standstreifen blockiert",49.4284355149417,11.656175445122
"A7","undefined--vi-hind.2025-05-25_18-56-00-000.f_001.de0","49.44768210094339,10.250126100000552,49.37813030094366,10.215899700000517","49.44768210094339,10.250126100000552","WARNING","A7 | Ohrenbach - Rothenburg ob der Tauber"," Würzburg -> Ulm",NA,NA,NA,2025-05-25,"Beginn: 25.05.25 um 18:56 Uhr  Hindernis, seit 25.05.2025, 18:56 A7: Würzburg -> Ulm, zwischen 5.0 km hinter Ohrenbach und 0.2 km vor AS Rothenburg ob der Tauber  Gefahr durch eine ungesicherte Unfallstelle  Gefahr durch Gegenstände auf der Fahrbahn",49.4476821009434,10.2501261000006
"A7","undefined--vi-hind.2025-05-25_19-02-30-000.f.de0","52.056439976937604,10.190913940140767,51.99811597741262,10.156102461701392","52.056439976937604,10.190913940140767","WARNING","A7 | Jägerturm Ost - Ambergau West"," Hannover -> Kassel",NA,NA,NA,2025-05-25,"Beginn: 25.05.25 um 19:02 Uhr  Hindernis, seit 25.05.2025, 19:02 A7: Hannover -> Kassel, zwischen 0.2 km hinter Jägerturm Ost und 2.2 km vor Ambergau West  Gefahr durch eine ungesicherte Unfallstelle  Gefahr durch Gegenstände auf der Fahrbahn",52.0564399769376,10.1909139401408
"A7","undefined--vi-zus.2025-03-31_00-40-00-000.f_018.de0","53.579141433849884,9.913430072127355,53.55636870091902,9.897540700000414","53.579141433849884,9.913430072127355","WARNING","A7 | Hamburg-Volkspark - Elbtunnel (Nordportal)"," Flensburg -> Hamburg",NA,NA,NA,2025-03-31,"Beginn: 31.03.25 um 00:40 Uhr  Zusammengesetzte Verkehrsinformation, seit 31.03.2025, 00:40 A7: Flensburg -> Hamburg, zwischen 0.4 km hinter AS Hamburg-Volkspark und 0.9 km vor Elbtunnel (Nordportal)  A7 Flensburg Richtung Hamburg Ausfahrt Hamburg-Othmarschen Fahrbahnverengung, maximale Fahrbahnbreite von 4,50 m, Bauarbeiten, bis 29.09.2025",53.5791414338499,9.91343007212735
"A8","undefined--vi-unf.2025-05-25_17-58-00-000.f_002.de0","49.44525314287933,6.6231913847461845,49.364076019559796,6.694517758565641","49.44525314287933,6.6231913847461845","WARNING","A8 | Merzig-Schwemlingen - Dillingen-Mitte"," Luxemburg -> Saarlouis",NA,NA,NA,2025-05-25,"Beginn: 25.05.25 um 17:58 Uhr  Unfall, seit 25.05.2025, 17:58 A8: Luxemburg -> Saarlouis, zwischen 1.9 km hinter AS Merzig-Schwemlingen und 2.3 km vor AS Dillingen-Mitte",49.4452531428793,6.62319138474618
"A8","undefined--vi-unf.2025-05-25_17-22-00-000.f_004.de0","49.442783400943426,6.624528199992669,49.36406705451687,6.694516694262198","49.442783400943426,6.624528199992669","WARNING","A8 | Merzig-Schwemlingen - Dillingen-Mitte"," Luxemburg -> Saarlouis",NA,NA,NA,2025-05-25,"Beginn: 25.05.25 um 17:22 Uhr  Unfall, seit 25.05.2025, 17:22 A8: Luxemburg -> Saarlouis, zwischen 2.2 km hinter AS Merzig-Schwemlingen und 2.2 km vor AS Dillingen-Mitte",49.4427834009434,6.62452819999267
"A8","undefined--vi-zus.2025-05-25_18-57-02-000.f.de0","49.33795368216346,7.05779873790425,49.32402009251092,7.076064227540201","49.33795368216346,7.05779873790425","WARNING","A8 | Merchweiler - Friedrichsthal"," Saarlouis -> Neunkirchen",1,"SLOW_TRAFFIC","59.900001525878906",2025-05-25,"Beginn: 25.05.25 um 18:57 Uhr  Zusammengesetzte Verkehrsinformation, seit 25.05.2025, 18:57 A8: Saarlouis -> Neunkirchen, zwischen 0.6 km hinter AS Merchweiler und 0.5 km vor AD Friedrichsthal  Langsamer Verkehr Reisezeitverlust: 1 Minuten Durchschnittsgeschwindigkeit: 59 km/h",49.3379536821635,7.05779873790425
"A8","undefined--vi-zus.2025-03-26_17-59-56-000.f_014.de0","49.326077820633785,7.175408561967308,49.327350714671546,7.213275819282444","49.326077820633785,7.175408561967308","WARNING","A8 | Neunkirchen/Spiesen - Kohlhof"," Saarlouis -> Neunkirchen",NA,NA,NA,2025-03-26,"Beginn: 26.03.25 um 17:59 Uhr  Zusammengesetzte Verkehrsinformation, seit 26.03.2025, 17:59 A8: Saarlouis -> Neunkirchen, zwischen 1.7 km hinter AS Neunkirchen/Spiesen und 1.0 km vor Kohlhof  A8 Saarlouis - Neunkirchen zwischen Neunkirchen-Spiesen und Neunkirchen-Oberstadt in beiden Richtungen Bauarbeiten, bis voraussichtlich 01.06.2025",49.3260778206338,7.17540856196731
"A8","undefined--vi-zus.2025-05-14_09-26-56-000.f.de0","49.32628400979037,7.229641516813452,49.329166750017514,7.1882642393148934","49.32628400979037,7.229641516813452","WARNING","A8 | Neunkirchen-Wellesweiler - Neunkirchen/Spiesen"," Neunkirchen -> Saarlouis",NA,NA,NA,2025-05-14,"Beginn: 14.05.25 um 09:26 Uhr  Zusammengesetzte Verkehrsinformation, seit 14.05.2025, 09:26 A8: Neunkirchen -> Saarlouis, zwischen 0.4 km hinter AS Neunkirchen-Wellesweiler und 2.7 km vor AS Neunkirchen/Spiesen  A8 Saarlouis - Neunkirchen zwischen Neunkirchen-Spiesen und Neunkirchen-Oberstadt in beiden Richtungen Bauarbeiten, bis voraussichtlich 01.06.2025",49.3262840097904,7.22964151681345
"A8","undefined--vi-zus.2025-05-25_18-37-00-000.f.de0","48.90779265220612,8.671060638448052,48.91929738369766,8.758819652435719","48.90779265220612,8.671060638448052","WARNING","A8 | Pforzheim-West - Pforzheim-Ost"," Karlsruhe -> Stuttgart",17,"STATIONARY_TRAFFIC","19.299999237060547",2025-05-25,"Beginn: 25.05.25 um 18:37 Uhr  Zusammengesetzte Verkehrsinformation, seit 25.05.2025, 18:37 A8: Karlsruhe -> Stuttgart, zwischen 1.3 km hinter AS Pforzheim-West und 0.8 km vor AS Pforzheim-Ost  Im Stillstand Reisezeitverlust: 17 Minuten Durchschnittsgeschwindigkeit: 19 km/h",48.9077926522061,8.67106063844805
"A8","undefined--vi-avl.2025-05-25_18-48-30-000.f.de0","48.907796489281075,8.671265255669908,48.907796489281075,8.671265255669908","48.907796489281075,8.671265255669908","WARNING","A8 | Am Kämpfelbach - Am Kämpfelbach"," Karlsruhe -> Stuttgart",NA,"STATIONARY_TRAFFIC","12",2025-05-25,"Beginn: 25.05.25 um 19:01 Uhr  Angespannte Verkehrslage, seit 25.05.2025, 19:01 A8: Karlsruhe -> Stuttgart, 1.4 km vor Am Kämpfelbach, aus Richtung Pforzheim-West  Im Stillstand Durchschnittsgeschwindigkeit: 12 km/h",48.9077964892811,8.67126525566991
"A8","undefined--vi-avl.2025-05-25_19-01-30-000.f_003.de0","48.88165064283954,8.788217690705967,48.88165064283954,8.788217690705967","48.88165064283954,8.788217690705967","WARNING","A8 | Pforzheim - Pforzheim"," Stuttgart -> Karlsruhe",NA,"QUEUING_TRAFFIC","26",2025-05-25,"Beginn: 25.05.25 um 19:01 Uhr  Angespannte Verkehrslage, seit 25.05.2025, 19:01 A8: Stuttgart -> Karlsruhe, 3.2 km vor Pforzheim, aus Richtung Pforzheim-Süd  Stockender Verkehr Durchschnittsgeschwindigkeit: 26 km/h",48.8816506428395,8.78821769070597
"A8","undefined--vi-zus.2025-05-25_17-25-02-000.f_006.de0","48.88165064283954,8.788217690705967,48.89306968191921,8.785875419006679","48.88165064283954,8.788217690705967","WARNING","A8 | Pforzheim-Süd - Pforzheim"," Stuttgart -> Karlsruhe",1,"QUEUING_TRAFFIC","31.200000762939453",2025-05-25,"Beginn: 25.05.25 um 17:25 Uhr  Zusammengesetzte Verkehrsinformation, seit 25.05.2025, 17:25 A8: Stuttgart -> Karlsruhe, zwischen 0.3 km hinter AS Pforzheim-Süd und 1.9 km vor Pforzheim  Stockender Verkehr Reisezeitverlust: 1 Minuten Durchschnittsgeschwindigkeit: 31 km/h",48.8816506428395,8.78821769070597
"A8","undefined--vi-hind.2025-05-25_18-35-30-000.f_001.de0","48.43253740594407,10.295574781716477,48.412646000946765,10.434378500000863","48.43253740594407,10.295574781716477","WARNING","A8 | Günzburg - Burgau"," Stuttgart -> München",NA,NA,NA,2025-05-25,"Beginn: 25.05.25 um 18:35 Uhr  Fahrzeug-Hindernis, seit 25.05.2025, 18:35 A8: Stuttgart -> München, zwischen 0.3 km hinter AS Günzburg und 0.2 km vor AS Burgau Gefahr durch ein defektes Fahrzeug auf der Fahrbahn",48.4325374059441,10.2955747817165
"A8","undefined--vi-avl.2025-05-25_08-32-30-000.f.de0","47.805903612749646,12.138267807274035,47.80394240094832,12.160497100035558","47.805903612749646,12.138267807274035","WARNING","A8 | Winkelbach - Rohrdorf"," München -> Salzburg",2,"STATIONARY_TRAFFIC","28.700000762939453",2025-05-25,"Beginn: 25.05.25 um 08:32 Uhr  Angespannte Verkehrslage, seit 25.05.2025, 08:32 A8: München -> Salzburg, zwischen Winkelbach und 0.2 km vor AS Rohrdorf  Im Stillstand Reisezeitverlust: 2 Minuten Durchschnittsgeschwindigkeit: 28 km/h",47.8059036127496,12.138267807274
"A8","undefined--vi-avl.2025-05-25_19-01-30-000.f_006.de0","47.805903612749646,12.138267807274035,47.805903612749646,12.138267807274035","47.805903612749646,12.138267807274035","WARNING","A8 | Rohrdorf - Rohrdorf"," München -> Salzburg",NA,"STATIONARY_TRAFFIC","16",2025-05-25,"Beginn: 25.05.25 um 19:01 Uhr  Angespannte Verkehrslage, seit 25.05.2025, 19:01 A8: München -> Salzburg, 1.9 km vor AS Rohrdorf, aus Richtung Winkelbach  Im Stillstand Durchschnittsgeschwindigkeit: 16 km/h",47.8059036127496,12.138267807274
"A9","undefined--vi-avl.2025-05-25_14-54-36-000.f_002.de0","50.04897880807843,11.616929784497675,50.02720210094107,11.605620200010906","50.04897880807843,11.616929784497675","WARNING","A9 | Kulmbach/Neudrossenfeld - Bayreuth/Kulmbach"," Bamberg -> Bayreuth",2,"SLOW_TRAFFIC","46.099998474121094",2025-05-25,"Beginn: 25.05.25 um 14:54 Uhr  Angespannte Verkehrslage, seit 25.05.2025, 14:54 A70: Bamberg -> Bayreuth, zwischen 13.5 km hinter AS Kulmbach/Neudrossenfeld und 0.2 km vor AD Bayreuth/Kulmbach  Langsamer Verkehr Reisezeitverlust: 2 Minuten Durchschnittsgeschwindigkeit: 46 km/h",50.0489788080784,11.6169297844977
"A9","undefined--vi-avl.2025-05-25_18-31-30-000.f_002.de0","48.87672032569016,11.467650596319091,48.87672032569016,11.467650596319091","48.87672032569016,11.467650596319091","WARNING","A9 | Köschinger Forst - Köschinger Forst"," Nürnberg -> München",NA,"STATIONARY_TRAFFIC","12",2025-05-25,"Beginn: 25.05.25 um 19:01 Uhr  Angespannte Verkehrslage, seit 25.05.2025, 19:01 A9: Nürnberg -> München, 4.4 km vor Köschinger Forst, aus Richtung Denkendorf  Im Stillstand Durchschnittsgeschwindigkeit: 12 km/h",48.8767203256902,11.4676505963191
"A9","undefined--vi-avl.2025-05-25_16-06-30-000.f_002.de0","48.876702718118686,11.467656148438934,48.83315308885583,11.471556742033727","48.876702718118686,11.467656148438934","WARNING","A9 | Denkendorf - Lenting"," Nürnberg -> München",17,"STATIONARY_TRAFFIC","14.600000381469727",2025-05-25,"Beginn: 25.05.25 um 16:06 Uhr  Angespannte Verkehrslage, seit 25.05.2025, 16:06 A9: Nürnberg -> München, zwischen 6.2 km hinter AS Denkendorf und 2.0 km vor AS Lenting  Im Stillstand Reisezeitverlust: 17 Minuten Durchschnittsgeschwindigkeit: 14 km/h",48.8767027181187,11.4676561484389
"A9","undefined--vi-hind.2025-05-25_18-13-09-000.f_004.de0","49.66772860094256,11.468734800008667,49.66675338247909,11.468489467160026","49.66772860094256,11.468734800008667","WARNING","A9 | Weidensees - Plech"," Halle/Leipzig -> Nürnberg",NA,NA,NA,2025-05-25,"Beginn: 25.05.25 um 18:13 Uhr  Fahrzeug-Hindernis, seit 25.05.2025, 18:13 A9: Halle/Leipzig -> Nürnberg, zwischen 4.3 km hinter AS Weidensees und 0.2 km vor AS Plech Gefahr durch ein defektes Fahrzeug auf der Fahrbahn",49.6677286009426,11.4687348000087
"A10","undefined--vi-zus.2025-05-25_18-13-37-000.f_002.de0","52.707070300927185,13.104398200073092,52.705678610683655,13.177893980940638","52.707070300927185,13.104398200073092","WARNING","A10 | Havelland - Kreuz Oranienburg"," Dreieck Havelland -> Dreieck Barnim",NA,NA,NA,2025-05-25,"Beginn: 25.05.25 um 18:13 Uhr  Zusammengesetzte Verkehrsinformation, seit 25.05.2025, 18:13 A10: Dreieck Havelland -> Dreieck Barnim, zwischen 5.9 km hinter AD Havelland und 1.1 km vor AD Kreuz Oranienburg  A10 Nördlicher Berliner Ring, Dreieck Havelland Richtung Dreieck Barnim zwischen Oberkrämer und Kreuz Oranienburg Gefahr durch liegengebliebenes Fahrzeug, fahren Sie bitte besonders vorsichtig, Polizei ist benachrichtigt",52.7070703009272,13.1043982000731
"A10","undefined--vi-avl.2025-05-25_18-08-06-000.f_001.de0","52.68214777291384,13.352377366223562,52.68089970924652,13.375099647039214","52.68214777291384,13.352377366223562","WARNING","A10 | Birkenwerder - Pankow"," Dreieck Havelland -> Dreieck Barnim",3,"STATIONARY_TRAFFIC","21.200000762939453",2025-05-25,"Beginn: 25.05.25 um 18:08 Uhr  Angespannte Verkehrslage, seit 25.05.2025, 18:08 A10: Dreieck Havelland -> Dreieck Barnim, zwischen 5.7 km hinter AS Birkenwerder und 5.7 km vor AD Pankow  Im Stillstand Reisezeitverlust: 3 Minuten Durchschnittsgeschwindigkeit: 21 km/h",52.6821477729138,13.3523773662236
"A10","undefined--vi-zus.2025-05-25_17-10-00-000.f_004.de0","52.68132220092839,13.369632100099365,52.70009365179654,13.273784246988129","52.68132220092839,13.369632100099365","WARNING","A10 | Mühlenbeck - Kreuz Oranienburg"," Dreieck Barnim -> Dreieck Havelland",NA,NA,NA,2025-05-25,"Beginn: 25.05.25 um 17:10 Uhr  Zusammengesetzte Verkehrsinformation, seit 25.05.2025, 17:10 A10: Dreieck Barnim -> Dreieck Havelland, zwischen 0.3 km hinter AS Mühlenbeck und 5.4 km vor AD Kreuz Oranienburg  Gefahr durch Personen auf der Fahrbahn  Gefahr durch ein defektes Fahrzeugs auf der Fahrbahn  A10 Nördlicher Berliner Ring, Dreieck Barnim Richtung Dreieck Havelland zwischen Mühlenbeck und Birkenwerder Gefahr durch liegengebliebenes Fahrzeug, Gefahr durch Personen auf der Fahrbahn",52.6813222009284,13.3696321000994
"A10","undefined--vi-avl.2025-05-25_18-16-00-000.f_001.de0","52.68212425637757,13.35259561316532,52.68212425637757,13.35259561316532","52.68212425637757,13.35259561316532","WARNING","A10 | Mühlenbeck - Mühlenbeck"," Dreieck Havelland -> Dreieck Barnim",NA,"STATIONARY_TRAFFIC","21",2025-05-25,"Beginn: 25.05.25 um 19:01 Uhr  Angespannte Verkehrslage, seit 25.05.2025, 19:01 A10: Dreieck Havelland -> Dreieck Barnim, 1.5 km vor AS Mühlenbeck, aus Richtung Birkenwerder  Im Stillstand Durchschnittsgeschwindigkeit: 21 km/h",52.6821242563776,13.3525956131653
"A11","undefined--vi-avl.2025-05-25_18-54-30-000.f.de0","53.335665084959246,14.407888903030974,53.335665084959246,14.407888903030974","53.335665084959246,14.407888903030974","WARNING","A11 | Penkun - Penkun"," Stettin -> Kreuz Uckermark",NA,"STATIONARY_TRAFFIC","6",2025-05-25,"Beginn: 25.05.25 um 19:01 Uhr  Angespannte Verkehrslage, seit 25.05.2025, 19:01 A11: Stettin -> Kreuz Uckermark, 9.5 km vor AS Penkun, aus Richtung Pomellen  Im Stillstand Durchschnittsgeschwindigkeit: 6 km/h",53.3356650849592,14.407888903031
"A11","undefined--vi-avl.2025-05-25_18-49-00-000.f.de0","53.335665084959246,14.407888903030974,53.335161321829766,14.404251633838536","53.335665084959246,14.407888903030974","WARNING","A11 | Pomellen - Penkun"," Stettin -> Kreuz Uckermark",1,"STATIONARY_TRAFFIC","11.100000381469727",2025-05-25,"Beginn: 25.05.25 um 18:49 Uhr  Angespannte Verkehrslage, seit 25.05.2025, 18:49 A11: Stettin -> Kreuz Uckermark, zwischen Pomellen und 9.2 km vor AS Penkun  Im Stillstand Reisezeitverlust: 1 Minuten Durchschnittsgeschwindigkeit: 11 km/h",53.3356650849592,14.407888903031
"A12","undefined--vi-avl.2025-05-25_10-42-00-000.f.de0","52.3155760805876,14.577600847563337,52.31471116709798,14.55913808194117","52.3155760805876,14.577600847563337","WARNING","A12 | Frankfurt(Oder) - Frankfurt(Oder)-Mitte"," Frankfurt(Oder) -> Berliner Ring",9,"QUEUING_TRAFFIC","5.900000095367432",2025-05-25,"Beginn: 25.05.25 um 10:42 Uhr  Angespannte Verkehrslage, seit 25.05.2025, 10:42 A12: Frankfurt(Oder) -> Berliner Ring, zwischen Frankfurt(Oder) und 2.8 km vor AS Frankfurt(Oder)-Mitte  Stockender Verkehr Reisezeitverlust: 9 Minuten Durchschnittsgeschwindigkeit: 5 km/h",52.3155760805876,14.5776008475633
"A12","WarnungA10Lkw3","47.61802931631098,12.202336027754352,47.61802931631098,12.202336027754352","47.61802931631098,12.202336027754352","WARNING","E45/E60 | LKW Blockabfertigung | A12-Inntal Autobahn","Richtung Italien",NA,NA,NA,2025-01-11,"Zeitraum: Beginn: 07.01.2025 Ende: 09.12.2025  Hinweis für LKW-Reisende nach Österreich: LKW-Blockabfertigungen an ausgewählten Tagen für Lkw am Grenzübergang Kufstein/Kiefersfelden. Maximaler Durchlass von 300 LKWs pro Stunde  Die genauen Ausführungszeiten und weitere Informationen auf tirol.gv.at/verkehr/verkehrs-und-seilbahnrecht/lkw-dosierung.",47.618029316311,12.2023360277544
"A12","WarnungA10Lkw2","47.6164490154047,12.202382557672273,47.6164490154047,12.202382557672273","47.6164490154047,12.202382557672273","WARNING","E43/E45/E60 | A13-Brenner Autobahn","Richtung Italien",NA,NA,NA,2025-01-11,"Zeitraum: Beginn: 11.01.2025 Ende: 27.09.2025  Hinweis für LKW-Reisende nach Österreich: LKW-Fahrverbot auf der A12-Inntal Autobahn, A13-Brenner Autobahn und A14-Rheintal/Walgau Autobahn, wenn das Ziel der Fahrt der Anschlussstelle Nößlach bis Anschlussstelle Brenner Nord der Richtungsfahrbahn Staatsgrenze der A 13 Brenner Autobahn erreicht werden soll. An ausgewählten Samstagen 7-15 Uhr sowie weiteren Tagen im Zeitraum 11.01. - 27.09.2025 Weitere Informationen auf http://asfinag.at/a13",47.6164490154047,12.2023825576723
"A14","undefined--vi-hind.2025-05-25_18-34-30-000.f_001.de0","52.05366690093004,11.612354800009143,52.00243870093037,11.660180300009984","52.05366690093004,11.612354800009143","WARNING","A14 | Sülzegrund - Dreihöhenberg"," Magdeburg -> Halle",NA,NA,NA,2025-05-25,"Beginn: 25.05.25 um 18:34 Uhr  Hindernis, seit 25.05.2025, 18:34 A14: Magdeburg -> Halle, zwischen 1.9 km hinter Sülzegrund und 7.1 km vor Dreihöhenberg  Gefahr durch Gegenstände auf der Fahrbahn",52.05366690093,11.6123548000091
"A15","undefined--vi-avl.2025-05-25_18-58-30-000.f_006.de0","51.70890709988504,14.404734117831369,51.70653917595794,14.424028260050616","51.70890709988504,14.404734117831369","WARNING","A15 | Cottbus-Süd - Roggosen"," Cottbus -> Breslau",0,"SLOW_TRAFFIC","69.30000305175781",2025-05-25,"Beginn: 25.05.25 um 18:58 Uhr  Angespannte Verkehrslage, seit 25.05.2025, 18:58 A15: Cottbus -> Breslau, zwischen 4.0 km hinter AS Cottbus-Süd und 2.9 km vor AS Roggosen  Langsamer Verkehr Reisezeitverlust: 0 Minuten Durchschnittsgeschwindigkeit: 69 km/h",51.708907099885,14.4047341178314
"A15","undefined--vi-avl.2025-05-25_18-40-00-000.f.de0","51.66642055227197,14.744244052195764,51.66639081737066,14.738992359932912","51.66642055227197,14.744244052195764","WARNING","A15 | Forst - Bademeusel"," Breslau -> Cottbus",1,"SLOW_TRAFFIC","8.399999618530273",2025-05-25,"Beginn: 25.05.25 um 18:45 Uhr  Angespannte Verkehrslage, seit 25.05.2025, 18:45 A15: Breslau -> Cottbus, zwischen 0.6 km hinter Forst und 0.2 km vor AS Bademeusel  Langsamer Verkehr Reisezeitverlust: 1 Minuten Durchschnittsgeschwindigkeit: 8 km/h",51.666420552272,14.7442440521958
"A17","undefined--vi-zus.2025-05-25_19-01-30-000.f.de0","50.82026170094333,13.887384300240237,50.8244130009433,13.887895800240193","50.82026170094333,13.887384300240237","WARNING","A17 | Breitenau-Schönwald - Bad Gottleuba"," Prag -> Dresden",0,"QUEUING_TRAFFIC","35.79999923706055",2025-05-25,"Beginn: 25.05.25 um 19:01 Uhr  Zusammengesetzte Verkehrsinformation, seit 25.05.2025, 19:01 A17: Prag -> Dresden, zwischen 4.5 km hinter Breitenau-Schönwald und 0.8 km vor AS Bad Gottleuba  Stockender Verkehr Reisezeitverlust: 0 Minuten Durchschnittsgeschwindigkeit: 35 km/h",50.8202617009433,13.8873843002402
"A19","undefined--vi-hind.2025-05-25_17-24-34-000.f_004.de0","54.033059388299726,12.19963262003715,54.05198940091516,12.198599600018401","54.033059388299726,12.19963262003715","WARNING","A19 | Rostock - Rostock-Süd"," Dreieck Wittstock/Dosse -> Rostock",NA,NA,NA,2025-05-25,"Beginn: 25.05.25 um 17:24 Uhr  Fahrzeug-Hindernis, seit 25.05.2025, 17:24 A19: Dreieck Wittstock/Dosse -> Rostock, zwischen 0.5 km hinter AK Rostock und 3.2 km vor AS Rostock-Süd",54.0330593882997,12.1996326200371
"A19","undefined--vi-hind.2025-05-25_17-36-00-000.f_002.de0","54.0486890009152,12.199132400018437,54.05198940091516,12.198599600018401","54.0486890009152,12.199132400018437","WARNING","A19 | Kessin - Rostock-Süd"," Dreieck Wittstock/Dosse -> Rostock",NA,NA,NA,2025-05-25,"Beginn: 25.05.25 um 17:36 Uhr  Fahrzeug-Hindernis, seit 25.05.2025, 17:36 A19: Dreieck Wittstock/Dosse -> Rostock, zwischen AS Kessin und 3.2 km vor AS Rostock-Süd",54.0486890009152,12.1991324000184
"A23","undefined--vi-avl.2025-05-25_16-28-00-000.f_002.de0","53.670889116114814,9.807025182208026,53.66216574431351,9.818169642630467","53.670889116114814,9.807025182208026","WARNING","A23 | Pinneberg-Nord - Pinneberg-Mitte"," Heide -> Hamburg",0,"SLOW_TRAFFIC","56.70000076293945",2025-05-25,"Beginn: 25.05.25 um 16:28 Uhr  Angespannte Verkehrslage, seit 25.05.2025, 16:28 A23: Heide -> Hamburg, zwischen 1.1 km hinter AS Pinneberg-Nord und 0.8 km vor AS Pinneberg-Mitte  Langsamer Verkehr Reisezeitverlust: 0 Minuten Durchschnittsgeschwindigkeit: 56 km/h",53.6708891161148,9.80702518220803
"A23","undefined--vi-hind.2025-05-25_18-33-30-000.f.de0","54.02953730700684,9.44373106552915,54.02860154071037,9.445680864338739","54.02953730700684,9.44373106552915","WARNING","A23 | Schenefeld - Kaaksburg"," Heide -> Hamburg",NA,NA,NA,2025-05-25,"Beginn: 25.05.25 um 18:33 Uhr  Fahrzeug-Hindernis, seit 25.05.2025, 18:33 A23: Heide -> Hamburg, zwischen 0.1 km hinter AS Schenefeld und 3.2 km vor Kaaksburg Gefahr durch ein defektes Fahrzeug auf der Fahrbahn",54.0295373070068,9.44373106552915
"A24","undefined--vi-avl.2025-05-25_18-58-30-000.f_012.de0","53.42964108555946,11.49912991065787,53.430157694753504,11.444985469225028","53.42964108555946,11.49912991065787","WARNING","A24 | Schwerin - Schremmheide"," Schwerin -> Hamburg",1,"SLOW_TRAFFIC","68.19999694824219",2025-05-25,"Beginn: 25.05.25 um 18:58 Uhr  Angespannte Verkehrslage, seit 25.05.2025, 18:58 A24: Schwerin -> Hamburg, zwischen 1.7 km hinter AK Schwerin und 8.1 km vor Schremmheide  Langsamer Verkehr Reisezeitverlust: 1 Minuten Durchschnittsgeschwindigkeit: 68 km/h",53.4296410855595,11.4991299106579
"A29","undefined--vi-hind.2025-05-25_17-59-34-000.f_010.de0","53.24310600092149,8.17636599999964,53.27775203013787,8.156823794113949","53.24310600092149,8.17636599999964","WARNING","A29 | Oldenburg-Nord - Hahn-Lehmden"," Oldenburg -> Wilhelmshaven",NA,NA,NA,2025-05-25,"Beginn: 25.05.25 um 17:59 Uhr  Hindernis, seit 25.05.2025, 17:59 A29: Oldenburg -> Wilhelmshaven, zwischen 4.9 km hinter AK Oldenburg-Nord und 0.4 km vor AS Hahn-Lehmden",53.2431060009215,8.17636599999964
"A37","undefined--vi-zus.2025-05-20_10-04-05-000.f_002.de0","52.442156462690335,9.933442989087833,52.436581812162494,9.913211841333315","52.442156462690335,9.933442989087833","WARNING","A37 | Beinhorn - Hannover-Kirchhorst"," Celle -> Hannover",NA,NA,NA,2025-05-20,"Beginn: 20.05.25 um 10:04 Uhr  Zusammengesetzte Verkehrsinformation, seit 20.05.2025, 10:04 B3: Celle -> Hannover, zwischen 0.4 km hinter AS Beinhorn und 2.1 km vor AK Hannover-Kirchhorst  A37 Messe - Burgdorf
zwischen Kreuz Hannover-Buchholz und Beinhorn
in beiden Richtungen geänderte Verkehrsführung im Baustellenbereich, Bauarbeiten, bis 30.10.2026 ca. 18:00 Uhr",52.4421564626903,9.93344298908783
"A37","undefined--vi-zus.2025-05-20_10-04-05-000.f_007.de0","52.42566547847685,9.880479425875153,52.43157462758005,9.896382070271322","52.42566547847685,9.880479425875153","WARNING","Baustelle"," km 22.62 --> km 23.89",NA,NA,NA,2025-05-20,"Beginn: 20.05.25 um 10:04 Uhr  Zusammengesetzte Verkehrsinformation, seit 20.05.2025, 10:04 A37: km 22.62 --> km 23.89  A37 Messe - Burgdorf zwischen Kreuz Hannover-Buchholz und Beinhorn in beiden Richtungen geänderte Verkehrsführung im Baustellenbereich, Bauarbeiten, bis 30.10.2026 ca. 18:00 Uhr",52.4256654784769,9.88047942587515
"A42","undefined--vi-hind.2025-05-25_13-37-31-000.f_015.de0","51.50887450093336,7.0174799999971835,51.51453970093331,7.045428499997342","51.50887450093336,7.0174799999971835","WARNING","A42 | Essen-Altenessen - Gelsenkirchen-Zentrum"," Kamp-Lintfort -> Dortmund",NA,NA,NA,2025-05-25,"Beginn: 25.05.25 um 13:37 Uhr  Hindernis, seit 25.05.2025, 13:37 A42: Kamp-Lintfort -> Dortmund, zwischen 0.3 km hinter AS Essen-Altenessen und 2.1 km vor AS Gelsenkirchen-Zentrum  Gefahr durch Gegenstände auf der Fahrbahn",51.5088745009334,7.01747999999718
"A44","undefined--vi-avl.2025-05-25_19-01-30-000.f_001.de0","51.53606117377559,7.9216398714128635,51.53606117377559,7.9216398714128635","51.53606117377559,7.9216398714128635","WARNING","A44 | Werl - Werl"," Kassel -> Dortmund",NA,"STATIONARY_TRAFFIC","24",2025-05-25,"Beginn: 25.05.25 um 19:01 Uhr  Angespannte Verkehrslage, seit 25.05.2025, 19:01 A44: Kassel -> Dortmund, 2.0 km vor AK Werl, aus Richtung Werl-Süd  Im Stillstand Durchschnittsgeschwindigkeit: 24 km/h",51.5360611737756,7.92163987141286
"A44","undefined--vi-avl.2025-05-25_18-30-30-000.f.de0","51.53606117377559,7.9216398714128635,51.533218876127854,7.883147810644526","51.53606117377559,7.9216398714128635","WARNING","A44 | Werl-Süd - Am Haarstrang"," Kassel -> Dortmund",5,"STATIONARY_TRAFFIC","24",2025-05-25,"Beginn: 25.05.25 um 18:30 Uhr  Angespannte Verkehrslage, seit 25.05.2025, 18:30 A44: Kassel -> Dortmund, zwischen 0.8 km hinter AS Werl-Süd und 1.6 km vor Am Haarstrang  Im Stillstand Reisezeitverlust: 5 Minuten Durchschnittsgeschwindigkeit: 24 km/h",51.5360611737756,7.92163987141286
"A45","undefined--vi-hind.2025-05-25_18-49-30-000.f_001.de0","50.595927013389236,8.492410167058836,50.59582228605345,8.49454885977109","50.595927013389236,8.492410167058836","WARNING","A45 | Wetzlarer Kreuz - Kochsgrund"," Hagen -> Gießen",NA,NA,NA,2025-05-25,"Beginn: 25.05.25 um 18:49 Uhr  Fahrzeug-Hindernis, seit 25.05.2025, 18:49 A45: Hagen -> Gießen, zwischen 0.3 km hinter AK Wetzlarer Kreuz und 1.8 km vor Kochsgrund Gefahr durch ein defektes Fahrzeug auf der Fahrbahn",50.5959270133892,8.49241016705884
"A60","undefined--vi-avl.2025-05-25_19-00-00-000.f.de0","50.2299084009402,6.187028799984416,50.22749779122358,6.191043378582527","50.2299084009402,6.187028799984416","WARNING","A60 | Steinebrück - Winterspelt"," Lüttich -> Wittlich",0,"QUEUING_TRAFFIC","29",2025-05-25,"Beginn: 25.05.25 um 19:00 Uhr  Angespannte Verkehrslage, seit 25.05.2025, 19:00 A60: Lüttich -> Wittlich, zwischen 0.2 km hinter Steinebrück und 0.2 km vor AS Winterspelt  Stockender Verkehr Reisezeitverlust: 0 Minuten Durchschnittsgeschwindigkeit: 29 km/h",50.2299084009402,6.18702879998442
"A60","undefined--vi-avl.2025-05-25_19-01-30-000.f_005.de0","50.2299084009402,6.187028799984416,50.2299084009402,6.187028799984416","50.2299084009402,6.187028799984416","WARNING","A60 | Winterspelt - Winterspelt"," Lüttich -> Wittlich",NA,"QUEUING_TRAFFIC","21",2025-05-25,"Beginn: 25.05.25 um 19:01 Uhr  Angespannte Verkehrslage, seit 25.05.2025, 19:01 A60: Lüttich -> Wittlich, 0.6 km vor AS Winterspelt, aus Richtung Steinebrück  Stockender Verkehr Durchschnittsgeschwindigkeit: 21 km/h",50.2299084009402,6.18702879998442
"A60","undefined--vi-zus.2025-04-08_08-51-21-000.f_013.de0","49.98125533976677,8.345695317688524,49.97565770865279,8.441396718063045","49.98125533976677,8.345695317688524","WARNING","A60 | Mainspitz-Dreieck - Rüsselsheimer Dreieck"," Mainz -> Rüsselsheim",NA,NA,NA,2025-04-08,"Beginn: 08.04.25 um 08:51 Uhr  Zusammengesetzte Verkehrsinformation, seit 08.04.2025, 08:51 A60: Mainz -> Rüsselsheim, zwischen 0.5 km hinter AD Mainspitz-Dreieck und 2.2 km vor AD Rüsselsheimer Dreieck  Sperrung der A60 bei Königstädten – Grundhafte Fahrbahnerneuerung zwischen dem Rüsselsheimer Dreieck und dem Mainspitz Dreieck. Die Niederlassung West der Autobahn GmbH erneuert zwischen dem Rüsselsheimer Dreieck (30) und dem Mainspitz Dreieck (26) die Fahrbahn. Von Donnerstagmorgen (24. April) bis Mitte Juli wird die Anschlussstelle (AS) Königstädten (29) in Fahrtrichtung (FR) Mainz sowie in FR Rüsselsheimer Dreieck gesperrt. Umleitungsmöglichkeiten sind ausgeschildert: • Ausfahrt FR Mainz: Umleitung via AS Rüsselsheim-Mitte • Einfahrt FR Mainz: innerstädtische Umleitung zur AS Rüsselsheim-Mitte (Adam-Opel-Straße / Kurt-Schumacher-Ring), von Nauheim kommend via L3482 zur AS Bischofsheim • Einfahrt FR Darmstadt: innerstädtische Umleitung zur AS Rüsselsheim-Mitte (Adam-Opel-Straße / Kurt-Schumacher-Ring) Die Autobahn GmbH bittet alle Verkehrsteilnehmer um Verständnis für die unvermeidlichen Verkehrsbehinderungen, die durch die Arbeiten entstehen.",49.9812553397668,8.34569531768852
"A60","undefined--vi-zus.2025-05-03_10-55-00-000.f_003.de0","49.977457399447445,8.454646346787307,49.981587265039146,8.34517285786785","49.977457399447445,8.454646346787307","WARNING","A60 | Rüsselsheimer Dreieck - Mainspitz-Dreieck"," Rüsselsheim -> Mainz",NA,NA,NA,2025-05-03,"Beginn: 03.05.25 um 10:55 Uhr  Zusammengesetzte Verkehrsinformation, seit 03.05.2025, 10:55 A60: Rüsselsheim -> Mainz, zwischen 0.6 km hinter AD Rüsselsheimer Dreieck und 0.5 km vor AD Mainspitz-Dreieck  Sperrung der A60 bei Königstädten – Grundhafte Fahrbahnerneuerung zwischen dem Rüsselsheimer Dreieck und dem Mainspitz Dreieck. Die Niederlassung West der Autobahn GmbH erneuert zwischen dem Rüsselsheimer Dreieck (30) und dem Mainspitz Dreieck (26) die Fahrbahn. Von Donnerstagmorgen (24. April) bis Mitte Juli wird die Anschlussstelle (AS) Königstädten (29) in Fahrtrichtung (FR) Mainz sowie in FR Rüsselsheimer Dreieck gesperrt. Umleitungsmöglichkeiten sind ausgeschildert: • Ausfahrt FR Mainz: Umleitung via AS Rüsselsheim-Mitte • Einfahrt FR Mainz: innerstädtische Umleitung zur AS Rüsselsheim-Mitte (Adam-Opel-Straße / Kurt-Schumacher-Ring), von Nauheim kommend via L3482 zur AS Bischofsheim • Einfahrt FR Darmstadt: innerstädtische Umleitung zur AS Rüsselsheim-Mitte (Adam-Opel-Straße / Kurt-Schumacher-Ring) Die Autobahn GmbH bittet alle Verkehrsteilnehmer um Verständnis für die unvermeidlichen Verkehrsbehinderungen, die durch die Arbeiten entstehen.",49.9774573994474,8.45464634678731
"A61","undefined--vi-hind.2025-05-25_17-47-00-000.f_014.de0","50.30226268446171,7.486851185038811,50.30101096260666,7.488427550157656","50.30226268446171,7.486851185038811","WARNING","A61 | Koblenz/Dieblich - Neufeld"," Koblenz -> Ludwigshafen",NA,NA,NA,2025-05-25,"Beginn: 25.05.25 um 17:47 Uhr  Fahrzeug-Hindernis, seit 25.05.2025, 17:47 A61: Koblenz -> Ludwigshafen, zwischen 0.1 km hinter AS Koblenz/Dieblich und 2.2 km vor Neufeld Gefahr durch ein defektes Fahrzeug auf der Fahrbahn",50.3022626844617,7.48685118503881
"A61","undefined--vi-unf.2025-05-25_18-20-00-000.f.de0","50.4052726929864,7.238014869549762,50.38863190093937,7.257549299998252","50.4052726929864,7.238014869549762","WARNING","A61 | Wehr - Mendig"," Mönchengladbach -> Koblenz",NA,NA,NA,2025-05-25,"Beginn: 25.05.25 um 18:20 Uhr  Unfall, seit 25.05.2025, 18:20 A61: Mönchengladbach -> Koblenz, zwischen 0.4 km hinter AS Wehr und 1.0 km vor AS Mendig",50.4052726929864,7.23801486954976
"A62","undefined--vi-hind.2025-05-25_18-46-30-000.f_004.de0","49.48913483425688,7.409502416589989,49.49737676938194,7.396741310142648","49.48913483425688,7.409502416589989","WARNING","A62 | Weiherborner Garten - Kusel"," Landstuhl -> Nonnweiler",NA,NA,NA,2025-05-25,"Beginn: 25.05.25 um 18:46 Uhr  Hindernis, seit 25.05.2025, 18:46 A62: Landstuhl -> Nonnweiler, zwischen 3.1 km hinter Weiherborner Garten und 3.1 km vor AS Kusel  Gefahr durch eine ungesicherte Unfallstelle",49.4891348342569,7.40950241658999
"A62","undefined--vi-hind.2025-05-25_18-46-30-000.f_003.de0","49.434307100943435,7.51325169999903,49.49021230094323,7.407540099998738","49.434307100943435,7.51325169999903","WARNING","A62 | Hütschenhausen - Potzberg-Nord"," Landstuhl -> Nonnweiler",NA,NA,NA,2025-05-25,"Beginn: 25.05.25 um 18:46 Uhr  Hindernis, seit 25.05.2025, 18:46 A62: Landstuhl -> Nonnweiler, zwischen 0.3 km hinter AS Hütschenhausen und 0.3 km vor Potzberg-Nord  Gefahr durch eine ungesicherte Unfallstelle",49.4343071009434,7.51325169999903
"A64","undefined--vi-avl.2025-05-25_18-58-30-000.f_011.de0","49.78507244370596,6.6409570341333515,49.78507244370596,6.6409570341333515","49.78507244370596,6.6409570341333515","WARNING","A64 | Trier - Trier"," Trier -> Luxemburg",NA,"SLOW_TRAFFIC","15",2025-05-25,"Beginn: 25.05.25 um 19:01 Uhr  Angespannte Verkehrslage, seit 25.05.2025, 19:01 A64: Trier -> Luxemburg, 3.2 km vor AS Trier, aus Richtung Anschluss B52-Trier  Langsamer Verkehr Durchschnittsgeschwindigkeit: 15 km/h",49.785072443706,6.64095703413335
"A64","undefined--vi-avl.2025-05-25_18-55-30-000.f.de0","49.78507244370596,6.6409570341333515,49.78865391417719,6.64526824229259","49.78507244370596,6.6409570341333515","WARNING","A64 | Trier - Anschluss B52-Trier"," Luxemburg -> Trier",0,"SLOW_TRAFFIC","23.399999618530273",2025-05-25,"Beginn: 25.05.25 um 18:55 Uhr  Angespannte Verkehrslage, seit 25.05.2025, 18:55 A64: Luxemburg -> Trier, zwischen 3.2 km hinter AS Trier und 1.2 km vor Anschluss B52-Trier  Langsamer Verkehr Reisezeitverlust: 0 Minuten Durchschnittsgeschwindigkeit: 23 km/h",49.785072443706,6.64095703413335
"A65","undefined--vi-hind.2025-05-25_18-15-30-000.f_002.de0","49.21462001091958,8.142109481843391,49.19269604607274,8.14907928133062","49.21462001091958,8.142109481843391","WARNING","A65 | Landau-Nord - Landau-Süd"," Ludwigshafen -> Karlsruhe",NA,NA,NA,2025-05-25,"Beginn: 25.05.25 um 18:15 Uhr  Fahrzeug-Hindernis, seit 25.05.2025, 18:15 A65: Ludwigshafen -> Karlsruhe, zwischen 0.3 km hinter AS Landau-Nord und 1.8 km vor AS Landau-Süd Gefahr durch ein defektes Fahrzeug auf der Fahrbahn",49.2146200109196,8.14210948184339
"A65","undefined--vi-hind.2025-05-25_18-15-30-000.f_003.de0","49.21504509674687,8.14193306174593,49.21462001091958,8.142109481843391","49.21504509674687,8.14193306174593","WARNING","A65 | Landau-Nord - Landau-Zentrum"," Ludwigshafen -> Karlsruhe",NA,NA,NA,2025-05-25,"Beginn: 25.05.25 um 18:15 Uhr  Fahrzeug-Hindernis, seit 25.05.2025, 18:15 A65: Ludwigshafen -> Karlsruhe, zwischen 0.2 km hinter AS Landau-Nord und 2.4 km vor AS Landau-Zentrum Gefahr durch ein defektes Fahrzeug auf der Fahrbahn",49.2150450967469,8.14193306174593
"A66","undefined--vi-hind.2025-05-25_18-49-30-000.f_002.de0","50.05270397122311,8.212670359169048,50.05264410094089,8.213860999999769","50.05270397122311,8.212670359169048","WARNING","A66 | Wiesbaden-Frauenstein - Wiesbaden-Biebrich"," Wiesbaden -> Frankfurt",NA,NA,NA,2025-05-25,"Beginn: 25.05.25 um 18:49 Uhr  Hindernis, seit 25.05.2025, 18:49 A66: Wiesbaden -> Frankfurt, zwischen 2.7 km hinter AS Wiesbaden-Frauenstein und 2.1 km vor AS Wiesbaden-Biebrich  Gefahr durch eine ungesicherte Unfallstelle",50.0527039712231,8.21267035916905
"A81","undefined--vi-avl.2025-05-25_18-58-30-000.f_010.de0","48.992147915466965,9.23259741016584,48.992147915466965,9.23259741016584","48.992147915466965,9.23259741016584","WARNING","A81 | Kälbling - Kälbling"," Heilbronn -> Stuttgart",NA,"STATIONARY_TRAFFIC","24",2025-05-25,"Beginn: 25.05.25 um 19:01 Uhr  Angespannte Verkehrslage, seit 25.05.2025, 19:01 A81: Heilbronn -> Stuttgart, 0.1 km vor Kälbling, aus Richtung Mundelsheim  Im Stillstand Durchschnittsgeschwindigkeit: 24 km/h",48.992147915467,9.23259741016584
"A81","undefined--vi-zus.2025-05-25_17-16-30-000.f.de0","48.992147915466965,9.23259741016584,48.96391975247175,9.221853017712043","48.992147915466965,9.23259741016584","WARNING","A81 | Mundelsheim - Pleidelsheim"," Heilbronn -> Stuttgart",5,"STATIONARY_TRAFFIC","27.600000381469727",2025-05-25,"Beginn: 25.05.25 um 17:16 Uhr  Zusammengesetzte Verkehrsinformation, seit 25.05.2025, 17:16 A81: Heilbronn -> Stuttgart, zwischen 1.6 km hinter AS Mundelsheim und 0.6 km vor AS Pleidelsheim  Im Stillstand Reisezeitverlust: 5 Minuten Durchschnittsgeschwindigkeit: 27 km/h",48.992147915467,9.23259741016584
"A81","undefined--vi-hind.2025-05-25_18-49-30-000.f_004.de0","49.469952400943306,9.559219200000138,49.40811104859665,9.472939228933637","49.469952400943306,9.559219200000138","WARNING","A81 | Ahorn - Jagsttal"," Würzburg -> Heilbronn",NA,NA,NA,2025-05-25,"Beginn: 25.05.25 um 18:49 Uhr  Hindernis, seit 25.05.2025, 18:49 A81: Würzburg -> Heilbronn, zwischen 8.2 km hinter AS Ahorn und 11.2 km vor Jagsttal  Gefahr durch Gegenstände auf der Fahrbahn",49.4699524009433,9.55921920000014
"A95","undefined--vi-hind.2025-05-25_18-13-09-000.f_003.de0","48.0900817009476,11.487729700010215,48.0900817009476,11.487729700010215","48.0900817009476,11.487729700010215","WARNING","A95 | München-Kreuzhof - München-Fürstenried"," München -> Garmisch-Partenkirchen",NA,NA,NA,2025-05-25,"Beginn: 25.05.25 um 18:13 Uhr  Fahrzeug-Hindernis, seit 25.05.2025, 18:13 A95: München -> Garmisch-Partenkirchen, zwischen 1.9 km hinter AS München-Kreuzhof und 0.3 km vor AS München-Fürstenried Gefahr durch ein defektes Fahrzeug auf der Fahrbahn",48.0900817009476,11.4877297000102
"A96","undefined--vi-hind.2025-05-25_18-39-06-000.f_003.de0","47.71531824449178,9.835683443719489,47.71465746544572,9.834053163898535","47.71531824449178,9.835683443719489","WARNING","A96 | Wangen-Nord - Herfatz"," München -> Lindau",NA,NA,NA,2025-05-25,"Beginn: 25.05.25 um 18:39 Uhr  Fahrzeug-Hindernis, seit 25.05.2025, 18:39 A96: München -> Lindau, zwischen 3.0 km hinter AS Wangen-Nord und 1.3 km vor Herfatz Gefahr durch ein defektes Fahrzeug auf der Fahrbahn",47.7153182444918,9.83568344371949
"A111","undefined--vi-avl.2025-05-26_15-00-00-000.f_007.de0","52.54781450092902,13.300495100094157,52.54781450092902,13.300495100094157","52.54781450092902,13.300495100094157","WARNING","A111 | Flughafen Tegel - Saatwinkler Damm"," Charlottenburg -> Dreieck Oranienburg",0,"STATIONARY_TRAFFIC","20",2025-05-26,"Beginn: 26.05.25 um 15:00 Uhr  Angespannte Verkehrslage, seit 26.05.2025, 15:00 A111: Charlottenburg -> Dreieck Oranienburg, zwischen 0.3 km hinter AS Flughafen Tegel und AS Saatwinkler Damm  Im Stillstand Reisezeitverlust: 0 Minuten Durchschnittsgeschwindigkeit: 20 km/h",52.547814500929,13.3004951000942
"A113","undefined--vi-avl.2025-05-25_09-05-30-000.f_002.de0","52.44467650093059,13.475715800116468,52.44467650093059,13.475715800116468","52.44467650093059,13.475715800116468","WARNING","A113 | Späthstraße - Späthstraße"," Schönefeld -> Neukölln",NA,"STATIONARY_TRAFFIC","4",2025-05-25,"Beginn: 25.05.25 um 19:01 Uhr  Angespannte Verkehrslage, seit 25.05.2025, 19:01 A113: Schönefeld -> Neukölln, 1.5 km vor AS Späthstraße, aus Richtung Johannisthaler Chaussee  Im Stillstand Durchschnittsgeschwindigkeit: 4 km/h",52.4446765009306,13.4757158001165
"A113","undefined--vi-zus.2025-05-23_04-57-30-000.f.de0","52.43617318100181,13.493052326243479,52.427730500930934,13.517008500122175","52.43617318100181,13.493052326243479","WARNING","A113 | Johannisthaler Chaussee - Rudower Höhe"," Neukölln -> Schönefeld",NA,NA,NA,2025-05-23,"Beginn: 23.05.25 um 04:57 Uhr  Zusammengesetzte Verkehrsinformation, seit 23.05.2025, 04:57 A113: Neukölln -> Schönefeld, zwischen 1.2 km hinter AS Johannisthaler Chaussee und 1.0 km vor Rudower Höhe  A113 Autobahnzubringer Dresden, Neukölln Richtung Schönefeld
zwischen Stubenrauchstraße und Tunnel Rudower Höhe
linker Fahrstreifen gesperrt, Bauarbeiten, bis voraussichtlich 20.06.2025",52.4361731810018,13.4930523262435
"A113","undefined--vi-avl.2025-05-25_09-04-30-000.f.de0","52.44467650093059,13.475715800116468,52.45209490093047,13.462718900114677","52.44467650093059,13.475715800116468","WARNING","A113 | Johannisthaler Chaussee - Späthstraße"," Schönefeld -> Neukölln",15,"STATIONARY_TRAFFIC","4.5",2025-05-25,"Beginn: 25.05.25 um 09:04 Uhr  Angespannte Verkehrslage, seit 25.05.2025, 09:04 A113: Schönefeld -> Neukölln, zwischen 0.3 km hinter AS Johannisthaler Chaussee und 0.2 km vor AS Späthstraße  Im Stillstand Reisezeitverlust: 15 Minuten Durchschnittsgeschwindigkeit: 4 km/h",52.4446765009306,13.4757158001165
"A115","undefined--vi-zus.2024-10-09_07-09-40-000.f_531.de0","52.40027056808641,13.185163736426698,52.44227384698058,13.202709435405149","52.40027056808641,13.185163736426698","WARNING","A115 | Am Stern - Hüttenweg"," Dreieck Nuthetal -> Dreieck Funkturm",NA,NA,NA,2024-10-09,"Beginn: 09.10.24 um 07:09 Uhr  Zusammengesetzte Verkehrsinformation, seit 09.10.2024, 07:09 A115: Dreieck Nuthetal -> Dreieck Funkturm, zwischen 2.9 km hinter Am Stern und 3.8 km vor AS Hüttenweg  A115 Autobahnzubringer Magdeburg, Dreieck Nuthetal Richtung Dreieck Funkturm, zwischen Anschlussstelle Kleinmachnow und Anschlussstelle Spanische Allee, Baustelle, bis 31.10.2026 17:00 Uhr",52.4002705680864,13.1851637364267
"A115","undefined--vi-avl.2025-05-25_16-05-36-000.f_004.de0","52.39884669453664,13.18358334025098,52.40882635216702,13.194842597509519","52.39884669453664,13.18358334025098","WARNING","A115 | Am Stern - Dreilinden"," Dreieck Nuthetal -> Dreieck Funkturm",2,"STATIONARY_TRAFFIC","22.700000762939453",2025-05-25,"Beginn: 25.05.25 um 16:05 Uhr  Angespannte Verkehrslage, seit 25.05.2025, 16:05 A115: Dreieck Nuthetal -> Dreieck Funkturm, zwischen 2.7 km hinter Am Stern und 0.8 km vor Dreilinden  Im Stillstand Reisezeitverlust: 2 Minuten Durchschnittsgeschwindigkeit: 22 km/h",52.3988466945366,13.183583340251
"A115","undefined--vi-avl.2025-05-25_18-11-30-000.f_005.de0","52.39908573562473,13.183844628455997,52.39908573562473,13.183844628455997","52.39908573562473,13.183844628455997","WARNING","A115 | Kleinmachnow - Kleinmachnow"," Dreieck Nuthetal -> Dreieck Funkturm",NA,"STATIONARY_TRAFFIC","12",2025-05-25,"Beginn: 25.05.25 um 19:01 Uhr  Angespannte Verkehrslage, seit 25.05.2025, 19:01 A115: Dreieck Nuthetal -> Dreieck Funkturm, 0.4 km vor AS Kleinmachnow, aus Richtung Am Stern  Im Stillstand Durchschnittsgeschwindigkeit: 12 km/h",52.3990857356247,13.183844628456
"A115","undefined--vi-zus.2024-10-13_05-33-30-000.f_688.de0","52.44029442937371,13.199911385595513,52.43107524997983,13.191805707063864","52.44029442937371,13.199911385595513","WARNING","A115 | Hüttenweg - Kreuz Zehlendorf"," Dreieck Funkturm -> Dreieck Nuthetal",NA,NA,NA,2024-10-13,"Beginn: 13.10.24 um 05:33 Uhr  Zusammengesetzte Verkehrsinformation, seit 13.10.2024, 05:33 A115: Dreieck Funkturm -> Dreieck Nuthetal, zwischen 4.1 km hinter AS Hüttenweg und 1.3 km vor AS Kreuz Zehlendorf  A115 Dreieck Funkturm Richtung Dreieck Nuthetal
zwischen Spanische Allee und Kleinmachnow
Verkehr wird über die Gegenfahrbahn geleitet, geänderte Verkehrsführung im Baustellenbereich, Bauarbeiten",52.4402944293737,13.1999113855955
"A555","undefined--vi-avl.2025-05-25_18-58-00-000.f_001.de0","50.87208572986881,6.969873977782874,50.87995890093691,6.968989899996775","50.87208572986881,6.969873977782874","WARNING","A555 | Köln-Rodenkirchen - Köln-Süd"," Bonn -> Köln",0,"SLOW_TRAFFIC","53.70000076293945",2025-05-25,"Beginn: 25.05.25 um 18:58 Uhr  Angespannte Verkehrslage, seit 25.05.2025, 18:58 A555: Bonn -> Köln, zwischen 0.9 km hinter AS Köln-Rodenkirchen und 0.6 km vor AK Köln-Süd  Langsamer Verkehr Reisezeitverlust: 0 Minuten Durchschnittsgeschwindigkeit: 53 km/h",50.8720857298688,6.96987397778287
